{
  "timestamp": "2025-09-12T21:09:27.295663",
  "total_time_seconds": 0.523080625,
  "test_counts": {
    "total": 66,
    "passed": 44,
    "failed": 22,
    "success_rate": 66.66666666666666
  },
  "version_breakdown": {
    "3.8.2": {
      "total": 3,
      "passed": 2,
      "failed": 1
    },
    "4.2": {
      "total": 33,
      "passed": 22,
      "failed": 11
    },
    "4.3": {
      "total": 30,
      "passed": 20,
      "failed": 10
    }
  },
  "schema_breakdown": {
    "flat": {
      "total": 22,
      "passed": 22,
      "failed": 0
    },
    "releases": {
      "total": 22,
      "passed": 22,
      "failed": 0
    },
    "tracks": {
      "total": 22,
      "passed": 0,
      "failed": 22
    }
  },
  "round_trip_fidelity": {
    "identical": 0,
    "different": 44,
    "fidelity_rate": 0.0
  },
  "performance_stats": {
    "parse_time_ms": {
      "avg": 2.9242206363636325,
      "min": 0.2062499999999634,
      "max": 16.412083000000077
    },
    "rebuild_time_ms": {
      "avg": 0.012801204545445392,
      "min": 0.007000000000090267,
      "max": 0.022874999999977774
    },
    "total_time_ms": {
      "avg": 10.20585322727274,
      "min": 0.82937499999991,
      "max": 287.55050000000006
    },
    "memory_usage_mb": {
      "avg": 0.07350852272727272,
      "min": 0,
      "max": 0.984375
    }
  },
  "file_count": 22,
  "schemas_tested": [
    "flat",
    "releases",
    "tracks"
  ]
}